PERIODO;XNT01;XNT02;XNT03;XNT04;XNT05;XNT06;XNT07;XNT08;XNT09;XNT10;XNT11;XNT12;XNT13;XNT14;XNT15;XNT16;XNT17;XNT18;XNT19;XNT20;XNT21;XNT
Ene94;54.12;51.64;2.48;11.41;0.23;5.37;5.47;0.33;143.92;58.09;5.79;6.22;32.71;6.81;12.15;21.26;0.69;0.21;15.75;15.75;0.00;225.20
Feb94;74.42;68.44;5.98;4.22;0.37;0.00;3.61;0.24;132.77;54.23;6.34;7.65;24.35;8.60;9.87;20.13;0.69;0.93;17.81;17.81;0.00;229.22
Mar94;62.08;55.68;6.40;11.07;0.47;7.11;2.97;0.51;133.39;61.22;5.59;7.34;23.27;7.32;11.47;15.24;1.45;0.48;18.77;18.77;0.00;225.30
Abr94;66.82;61.85;4.97;4.35;0.41;0.00;3.59;0.35;165.68;62.46;5.76;7.05;31.81;8.09;14.79;32.90;1.39;1.44;12.33;12.33;0.00;249.19
May94;85.46;80.42;5.04;6.46;0.44;0.00;5.65;0.36;173.77;66.93;6.55;10.52;28.67;7.40;25.11;26.21;1.28;1.08;16.24;16.24;0.00;281.93
Jun94;67.38;57.47;9.91;15.93;1.00;0.00;14.59;0.35;146.54;57.00;5.66;11.26;27.31;6.49;10.87;26.18;1.47;0.30;15.70;15.70;0.00;245.56
Jul94;91.18;79.19;11.99;33.17;0.98;4.83;27.16;0.19;171.38;71.78;6.50;14.84;31.19;9.34;21.18;14.45;0.53;1.57;5.01;5.01;0.00;300.74
Ago94;75.99;70.21;5.78;36.01;0.40;0.01;35.41;0.19;170.59;60.33;5.81;11.59;32.36;7.66;16.47;33.37;1.67;1.33;16.19;16.19;0.00;298.78
Sep94;50.03;49.74;0.29;38.12;0.29;0.00;37.47;0.36;188.71;94.61;7.83;6.30;21.90;8.81;21.56;25.19;1.20;1.31;14.83;14.83;0.00;291.69
Oct94;28.34;24.91;3.43;40.75;0.15;5.66;34.71;0.23;170.17;72.80;8.10;7.90;33.43;9.51;14.59;21.43;1.49;0.93;16.92;16.92;0.00;256.18
Nov94;44.93;42.26;2.67;18.47;0.06;0.01;18.18;0.22;188.39;80.45;9.25;5.80;21.86;8.59;28.69;31.71;1.23;0.81;3.00;3.00;0.00;254.79
Dic94;79.03;71.52;7.51;26.99;0.13;7.94;18.15;0.78;185.50;83.74;8.41;8.49;28.96;9.31;8.34;35.58;1.93;0.74;6.35;6.35;0.00;297.88
Ene95;70.28;62.98;7.30;11.29;0.06;0.00;10.71;0.53;213.57;94.54;7.30;6.73;40.69;7.27;21.75;23.79;10.19;1.32;12.79;12.79;0.00;307.93
Feb95;100.60;97.50;3.10;17.20;0.13;8.62;8.28;0.16;197.14;86.59;6.06;10.51;34.59;8.92;23.32;18.07;7.20;1.88;12.21;12.21;0.00;327.14
Mar95;95.81;79.51;16.30;8.35;0.48;0.00;7.51;0.35;182.45;80.09;6.82;11.29;33.69;7.17;9.00;27.46;6.53;0.39;14.45;14.45;0.00;301.06
Abr95;38.88;32.03;6.85;6.38;0.76;0.01;5.04;0.57;182.94;75.57;7.20;3.27;34.57;5.83;21.04;27.55;7.20;0.70;17.10;17.10;0.00;245.30
May95;69.11;59.90;9.22;17.15;1.04;0.00;15.91;0.20;225.29;105.43;4.08;6.93;36.53;10.14;24.55;31.50;4.16;1.97;30.71;30.71;0.00;342.26
Jun95;113.74;101.85;11.89;28.09;2.20;0.00;25.51;0.38;229.57;95.41;10.34;9.55;39.69;9.09;27.47;33.74;2.53;1.76;25.18;25.18;0.00;396.58
Jul95;85.18;75.90;9.28;42.60;1.51;0.00;40.75;0.34;218.47;114.64;8.01;7.61;37.36;8.80;10.46;25.48;4.98;1.13;21.52;21.52;0.00;367.77
Ago95;50.23;47.52;2.71;49.28;0.89;7.17;40.77;0.45;240.83;117.11;9.80;8.05;41.21;11.06;23.40;25.56;3.68;0.97;21.97;21.97;0.00;362.32
Sep95;34.29;31.25;3.04;54.25;3.65;0.33;49.83;0.44;242.76;116.51;7.53;9.91;44.10;10.71;19.93;29.93;2.10;2.04;17.41;17.41;0.00;348.71
Oct95;9.10;7.40;1.70;44.65;3.81;6.78;33.61;0.45;199.03;95.05;6.54;8.82;33.61;9.30;18.64;22.71;2.09;2.28;29.72;29.72;0.00;282.50
Nov95;41.77;40.41;1.36;38.72;6.84;0.00;31.68;0.20;228.40;106.60;7.03;8.18;40.51;9.04;27.41;26.96;2.02;0.67;12.85;12.85;0.00;321.74
Dic95;77.93;75.83;2.10;27.88;3.66;7.35;16.37;0.50;255.23;110.77;6.96;9.21;46.31;12.35;31.36;32.71;2.22;3.35;19.65;19.65;0.00;380.70
Ene96;63.10;57.19;5.91;23.48;4.06;7.55;11.75;0.12;199.16;74.43;9.36;10.11;50.05;10.73;15.70;26.50;1.62;0.67;41.78;41.78;0.00;327.51
Feb96;88.73;80.42;8.31;9.01;2.29;0.00;6.32;0.40;226.45;108.56;3.46;6.41;38.70;9.82;14.34;42.53;1.25;1.40;19.55;19.55;0.00;343.73
Mar96;97.63;97.38;0.25;16.63;1.80;7.30;7.15;0.38;237.35;100.75;10.41;8.12;55.28;8.10;20.17;30.14;3.30;1.08;39.03;39.03;0.00;390.64
Abr96;48.48;45.32;3.16;10.30;2.19;0.01;7.42;0.68;224.89;71.64;7.24;10.49;47.17;11.18;32.78;42.41;1.23;0.74;31.16;31.16;0.00;314.83
May96;55.79;53.43;2.37;24.36;2.62;0.00;20.82;0.92;236.80;95.51;7.33;3.74;50.52;11.85;27.91;37.09;2.04;0.80;22.00;22.00;0.00;338.96
Jun96;130.30;108.37;21.92;28.57;2.01;0.00;26.24;0.31;230.51;98.77;10.00;11.86;55.17;10.64;17.12;24.71;1.66;0.57;34.41;34.41;0.00;423.78
Jul96;94.29;88.54;5.75;43.85;2.26;0.02;40.69;0.89;233.89;79.56;11.12;7.46;56.05;10.11;28.37;37.35;2.30;1.57;26.15;26.15;0.00;398.19
Ago96;83.12;69.92;13.20;48.54;2.38;7.83;37.95;0.39;194.80;82.89;6.76;7.80;52.53;11.62;12.36;19.30;1.09;0.45;32.01;32.01;0.00;358.48
Sep96;61.28;57.32;3.96;30.65;0.89;0.00;28.53;1.24;197.80;65.96;7.74;1.19;47.22;8.64;31.70;33.34;1.48;0.55;20.71;20.71;0.00;310.44
Oct96;50.60;50.21;0.39;18.89;2.78;0.00;15.74;0.37;210.83;86.62;13.91;4.55;35.76;9.05;23.96;32.85;3.79;0.36;35.40;35.40;0.00;315.73
Nov96;33.31;31.97;1.34;33.37;3.11;14.47;15.35;0.44;226.27;91.51;7.37;2.29;54.45;8.59;26.01;32.33;3.05;0.68;30.73;30.73;0.00;323.69
Dic96;102.18;94.85;7.33;9.48;3.85;0.00;5.15;0.47;235.68;96.06;13.95;9.89;36.39;9.14;23.92;42.28;3.69;0.35;20.21;20.21;0.00;367.55
Ene97;127.64;110.64;17.00;20.56;4.57;11.89;3.19;0.91;200.97;82.46;12.48;9.01;40.75;7.60;16.09;30.05;2.00;0.52;38.83;38.83;0.00;388.00
Feb97;122.14;107.98;14.16;8.69;3.74;2.38;1.88;0.69;191.18;83.57;11.17;5.25;32.84;7.68;15.83;31.33;2.56;0.96;23.78;23.78;0.00;345.79
Mar97;109.49;107.47;2.02;8.40;4.73;0.00;2.97;0.70;247.44;98.55;11.59;5.31;50.82;10.63;23.22;42.56;3.48;1.27;26.18;26.18;0.00;391.51
Abr97;69.98;63.69;6.28;19.02;2.06;0.00;16.57;0.40;212.68;91.07;8.70;0.89;39.20;8.69;16.19;43.51;2.94;1.48;32.17;32.17;0.00;333.85
May97;118.77;104.76;14.01;47.25;1.93;0.00;44.90;0.42;253.92;90.49;14.65;11.35;47.09;8.47;21.35;57.24;2.41;0.88;43.20;43.20;0.00;463.15
Jun97;161.11;139.25;21.85;100.22;1.50;4.52;93.41;0.78;241.88;112.93;8.42;4.25;39.00;9.53;16.88;47.45;2.63;0.79;29.65;29.65;0.00;532.85
Jul97;117.94;101.59;16.35;83.26;1.83;5.06;75.52;0.84;192.96;70.95;9.45;7.91;35.02;7.57;17.17;43.51;0.92;0.46;31.56;31.56;0.00;425.72
Ago97;84.34;84.00;0.34;73.62;2.94;0.22;69.94;0.52;279.06;132.81;10.65;2.40;52.68;8.93;18.94;48.62;3.25;0.78;29.16;29.16;0.00;466.17
Sep97;55.40;53.23;2.17;41.51;1.65;0.21;39.22;0.42;217.58;83.40;7.93;10.49;40.32;8.06;18.16;45.71;2.03;1.48;30.71;30.71;0.00;345.19
Oct97;36.43;36.30;0.14;32.13;2.98;0.16;28.61;0.38;246.69;95.76;17.86;4.61;34.62;6.72;25.54;57.46;3.49;0.63;43.32;43.32;0.00;358.58
Nov97;47.56;47.36;0.20;14.21;2.31;0.11;10.80;0.99;207.80;74.97;11.10;6.57;50.99;12.86;15.13;32.21;3.30;0.66;26.52;26.52;0.00;296.09
Dic97;75.10;74.58;0.52;22.83;1.89;9.84;9.85;1.25;238.35;79.34;9.23;8.40;36.74;8.04;32.51;59.60;3.27;1.21;21.47;21.47;0.00;357.76
Ene98;41.07;38.05;3.02;10.21;0.91;0.03;8.62;0.64;187.00;60.83;11.86;9.16;46.64;11.71;8.39;35.92;1.69;0.81;17.46;17.46;0.00;255.74
Feb98;6.10;5.99;0.11;6.07;1.54;0.00;4.37;0.15;170.67;55.01;11.62;5.16;37.73;10.44;17.14;29.63;3.05;0.90;25.13;25.13;0.00;207.97
Mar98;16.03;15.32;0.71;8.07;0.32;0.00;6.86;0.88;195.99;62.96;8.43;13.73;43.04;11.58;10.66;40.74;4.09;0.77;17.70;17.70;0.00;237.79
Abr98;3.72;3.67;0.05;16.39;0.00;0.00;16.06;0.33;181.20;55.83;12.74;5.51;39.99;8.40;17.90;35.99;4.21;0.63;28.74;28.74;0.00;230.05
May98;12.36;12.12;0.25;33.33;0.17;0.00;32.63;0.53;210.27;72.41;7.55;11.95;51.35;14.55;17.85;31.48;2.42;0.71;24.36;24.36;0.00;280.32
Jun98;42.92;42.10;0.82;45.95;0.12;0.00;45.70;0.13;186.92;46.80;9.42;5.46;36.70;10.57;23.70;52.76;1.50;0.00;16.74;16.74;0.00;292.52
Jul98;42.68;38.85;3.83;45.85;0.03;0.18;44.83;0.81;226.61;77.87;8.83;11.71;66.19;10.95;12.70;32.37;2.89;3.09;18.76;18.76;0.00;333.91
Ago98;60.34;60.13;0.21;59.11;0.22;9.05;49.11;0.72;245.65;70.06;10.75;5.21;91.71;12.31;15.32;36.89;2.53;0.88;16.10;16.10;0.00;381.20
Sep98;39.54;37.66;1.89;47.53;0.33;7.99;38.95;0.25;261.07;68.55;8.85;3.88;103.08;9.38;23.88;39.63;1.84;1.98;14.62;14.62;0.00;362.76
Oct98;23.95;22.63;1.32;21.15;0.23;0.07;20.55;0.29;271.86;71.40;12.65;8.70;125.27;6.48;15.29;31.19;0.88;0.00;24.20;24.20;0.00;341.16
Nov98;35.88;33.30;2.57;19.32;0.09;6.97;12.10;0.17;285.83;64.47;10.93;4.74;138.87;11.43;15.36;38.58;0.92;0.53;16.63;16.63;0.00;357.67
Dic98;85.34;82.16;3.18;9.73;0.03;2.51;7.09;0.10;323.62;72.64;4.99;11.16;147.91;12.76;30.50;40.02;0.85;2.78;12.09;12.09;0.00;430.78
Ene99;60.28;52.52;7.76;4.28;0.27;0.00;3.88;0.12;294.43;58.66;10.85;0.93;178.41;11.76;5.99;26.47;0.79;0.58;22.08;22.08;0.00;381.07
Feb99;39.82;34.93;4.88;3.19;0.11;0.00;2.86;0.22;225.49;51.96;14.29;4.58;97.07;10.64;11.58;33.13;1.83;0.40;11.11;11.11;0.00;279.61
Mar99;43.50;34.81;8.69;3.37;0.05;0.00;3.05;0.27;242.25;57.44;11.48;7.43;89.49;10.56;15.18;48.13;2.09;0.45;22.49;22.49;0.00;311.60
Abr99;48.90;44.88;4.02;9.71;0.13;0.00;8.85;0.73;219.55;50.14;6.82;5.51;88.27;12.27;16.42;37.71;1.98;0.43;17.51;17.51;0.00;295.67
May99;56.62;53.26;3.36;26.08;0.34;0.00;25.12;0.62;245.12;57.02;9.59;3.06;102.08;14.45;9.60;46.48;2.08;0.77;19.15;19.15;0.00;346.98
Jun99;65.03;58.08;6.94;35.79;0.03;0.00;35.53;0.22;208.32;37.80;11.45;7.09;78.50;13.09;19.06;38.89;2.02;0.41;5.27;5.27;0.00;314.41
Jul99;62.52;57.91;4.61;39.77;0.02;0.00;39.70;0.05;254.76;80.91;14.40;5.39;90.22;17.31;13.40;30.71;1.68;0.73;21.92;21.92;0.00;378.97
Ago99;56.83;49.19;7.64;44.63;0.03;9.38;35.13;0.09;265.07;80.99;12.12;6.91;90.27;12.54;29.84;28.88;3.27;0.25;29.43;29.43;0.00;395.96
Sep99;32.09;25.16;6.93;50.10;0.27;0.00;49.68;0.14;204.78;50.93;12.26;2.53;69.65;18.91;11.53;37.09;1.11;0.78;25.84;25.84;0.00;312.81
Oct99;10.37;7.89;2.49;28.49;0.21;0.00;28.05;0.23;289.69;85.44;7.82;6.64;114.12;15.34;7.52;50.47;1.86;0.47;30.17;30.17;0.00;358.73
Nov99;49.84;48.24;1.61;20.09;0.12;0.00;19.63;0.34;299.60;92.02;11.17;4.68;109.13;12.28;21.79;45.60;2.51;0.41;13.72;13.72;0.00;383.25
Dic99;75.09;65.97;9.12;16.59;0.01;0.00;16.42;0.17;258.96;73.05;10.64;11.97;85.25;20.19;15.17;38.83;3.11;0.77;32.09;32.09;0.00;382.73
Ene00;80.57;70.72;9.85;6.88;0.05;0.01;6.56;0.26;262.50;68.36;14.46;6.06;108.26;16.90;11.22;34.75;2.12;0.37;28.16;28.16;0.00;378.11
Feb00;70.15;61.85;8.30;5.87;0.08;0.00;5.56;0.23;252.63;54.91;13.25;6.53;106.92;12.48;8.14;45.81;3.83;0.77;25.91;25.91;0.00;354.56
Mar00;58.68;52.61;6.07;10.93;0.03;7.09;2.83;0.98;293.17;101.74;11.72;3.62;104.07;14.57;22.85;31.13;2.65;0.82;37.23;37.23;0.00;400.01
Abr00;76.23;65.66;10.57;6.65;0.09;0.00;6.38;0.19;241.34;40.11;12.65;5.86;97.84;17.48;15.44;49.23;2.23;0.49;20.28;20.28;0.00;344.51
May00;84.87;74.61;10.26;20.86;0.27;0.00;20.27;0.32;238.37;63.54;13.71;4.64;90.94;13.38;8.89;40.22;2.22;0.84;38.03;38.03;0.00;382.13
Jun00;102.07;94.69;7.39;27.92;0.71;0.00;27.01;0.21;268.76;79.20;12.75;3.06;95.59;13.31;20.99;41.00;2.48;0.37;31.30;31.30;0.00;430.04
Jul00;128.14;118.90;9.24;36.27;1.40;0.00;34.50;0.37;244.56;63.12;16.35;6.85;82.15;14.71;16.14;42.45;2.35;0.44;33.32;33.32;0.00;442.28
Ago00;109.14;101.12;8.02;38.08;1.15;0.00;36.51;0.42;266.09;75.33;16.16;6.27;82.08;16.05;21.07;45.80;2.78;0.54;33.66;33.66;0.00;446.96
Sep00;57.52;56.90;0.62;26.13;0.51;0.00;25.42;0.20;257.60;87.03;17.40;3.40;96.08;16.75;8.67;24.83;2.95;0.48;43.56;43.56;0.00;384.81
Oct00;74.66;69.57;5.10;31.26;0.40;0.00;30.14;0.71;307.88;90.96;14.73;7.25;91.57;18.02;29.68;51.39;3.43;0.87;41.76;41.76;0.00;455.56
Nov00;35.63;32.39;3.24;15.70;0.22;0.00;15.25;0.23;286.28;121.23;13.76;4.62;88.95;13.49;11.36;29.45;2.95;0.47;17.36;17.36;0.00;354.96
Dic00;76.98;74.99;1.99;22.39;0.11;8.92;12.89;0.47;300.97;87.06;13.31;8.40;100.24;12.35;15.94;59.70;3.14;0.82;30.17;30.17;0.00;430.50
Ene01;84.18;74.60;9.58;7.03;0.03;0.00;6.79;0.21;232.54;60.46;17.14;6.31;88.67;17.06;9.49;30.83;2.23;0.35;35.40;35.40;0.00;359.15
Feb01;63.97;59.34;4.63;5.00;0.04;0.00;4.15;0.81;234.85;69.21;13.66;8.79;79.36;14.14;15.93;30.05;3.05;0.68;35.67;35.67;0.00;339.49
Mar01;45.68;44.81;0.88;10.13;0.32;5.78;3.65;0.38;272.56;73.24;12.02;4.15;106.29;13.74;12.55;46.58;3.55;0.45;23.45;23.45;0.00;351.82
Abr01;74.10;67.16;6.95;8.72;0.32;2.72;5.06;0.62;236.37;71.38;10.14;3.60;80.51;15.25;19.16;33.40;2.24;0.68;47.71;47.71;0.00;366.90
May01;112.62;94.56;18.06;13.15;0.85;0.00;12.10;0.20;251.47;73.53;16.03;9.52;90.55;14.58;13.07;32.46;1.19;0.54;26.52;26.52;0.00;403.76
Jun01;152.42;136.80;15.62;15.38;0.00;0.00;14.95;0.44;236.52;63.62;7.57;2.83;87.61;11.36;21.67;37.71;3.68;0.48;39.01;39.01;0.00;443.33
Jul01;149.68;131.26;18.43;21.50;0.42;0.00;20.70;0.38;280.40;85.04;14.66;10.94;102.25;13.39;16.35;36.24;1.27;0.27;20.17;20.17;0.00;471.75
Ago01;91.91;87.70;4.21;26.36;0.06;0.00;25.99;0.30;297.22;90.00;10.92;9.59;115.48;15.66;17.31;34.49;3.07;0.70;35.84;35.84;0.00;451.33
Sep01;35.78;31.38;4.40;27.86;0.32;0.00;27.25;0.30;258.01;97.51;10.38;3.53;89.44;13.85;14.58;25.44;2.83;0.45;24.89;24.89;0.00;346.54
Oct01;23.12;20.10;3.01;28.71;1.32;0.00;26.40;1.00;311.50;100.93;8.79;8.33;124.55;13.73;18.52;33.34;2.72;0.58;42.17;42.17;0.00;405.49
Nov01;48.07;44.87;3.21;26.32;0.40;8.24;17.19;0.49;280.14;99.44;14.85;11.07;102.76;13.37;7.70;25.95;4.81;0.19;34.77;34.77;0.00;389.30
Dic01;44.68;42.50;2.18;17.28;0.69;0.00;16.27;0.32;313.74;101.29;13.39;2.75;98.69;12.52;29.67;52.93;2.24;0.27;25.74;25.74;0.00;401.44
Ene02;36.12;29.92;6.19;5.76;0.02;0.00;4.93;0.81;262.53;90.45;13.30;9.50;86.09;15.43;10.81;30.01;6.56;0.38;37.66;37.66;0.00;342.06
Feb02;46.90;46.74;0.15;5.03;0.66;0.00;4.07;0.30;257.71;56.59;11.95;4.91;115.90;12.22;13.20;41.08;1.65;0.22;17.65;17.65;0.00;327.28
Mar02;23.11;21.98;1.13;3.05;0.70;0.00;1.71;0.65;331.20;118.51;11.93;8.13;111.00;15.21;23.35;38.90;3.88;0.29;30.23;30.23;0.00;387.58
Abr02;40.87;39.58;1.28;2.78;0.17;0.00;2.07;0.54;288.38;97.37;13.21;9.60;97.23;13.88;19.70;32.40;4.34;0.65;28.24;28.24;0.00;360.26
May02;121.34;115.97;5.37;19.03;0.06;7.85;10.66;0.45;323.46;95.98;13.56;7.91;126.99;15.23;20.59;37.67;5.02;0.49;38.99;38.99;0.00;502.82
Jun02;172.39;150.87;21.52;20.63;0.10;0.00;18.92;1.61;311.98;119.79;12.77;10.16;109.80;14.23;9.19;25.95;9.66;0.42;44.02;44.02;0.00;549.02
Jul02;138.19;127.17;11.02;26.70;0.02;0.01;26.14;0.54;332.98;104.10;16.56;7.22;117.07;17.46;24.34;41.03;4.60;0.60;31.51;31.51;0.00;529.37
Ago02;131.09;121.13;9.96;27.01;0.16;0.00;26.11;0.75;317.57;99.24;13.24;7.46;130.06;13.23;12.33;37.44;3.99;0.58;54.52;54.52;0.00;530.19
Sep02;83.83;78.79;5.04;28.43;0.16;0.00;27.16;1.10;345.29;110.94;13.26;2.53;145.55;15.74;18.04;31.26;7.53;0.44;42.30;42.30;0.00;499.84
Oct02;13.83;13.69;0.14;37.32;0.22;8.41;27.78;0.90;325.16;90.33;12.29;2.17;152.16;10.86;17.58;32.07;7.50;0.20;43.75;43.75;0.00;420.06
Nov02;14.17;13.93;0.24;23.80;0.00;0.00;22.85;0.95;330.64;102.18;11.30;5.80;149.08;17.05;9.58;30.09;5.04;0.51;44.84;44.84;0.00;413.46
Dic02;70.52;63.38;7.14;16.68;0.06;0.00;15.70;0.93;382.06;101.60;11.97;7.55;159.80;13.11;32.07;51.03;4.60;0.32;37.36;37.36;0.00;506.62
Ene03;75.07;70.04;5.03;18.69;0.36;8.55;8.43;1.35;352.51;91.26;17.71;9.27;167.89;17.99;14.27;29.06;4.74;0.32;50.48;50.48;0.00;496.76
Feb03;75.89;68.31;7.58;6.86;0.45;0.00;4.83;1.58;325.88;90.61;14.24;6.94;151.52;14.69;6.60;34.52;6.38;0.37;81.08;81.08;0.00;489.71
Mar03;63.40;62.56;0.84;5.39;0.69;0.00;2.27;2.43;307.48;98.44;11.48;10.17;119.03;14.74;12.13;35.84;5.29;0.36;52.88;52.88;0.00;429.15
Abr03;29.40;28.99;0.41;6.14;0.10;0.00;3.43;2.60;367.47;94.34;15.30;5.07;164.72;13.29;18.11;47.03;9.20;0.41;37.57;37.57;0.00;440.57
May03;83.42;67.87;15.55;11.08;0.63;0.02;9.09;1.34;414.70;106.34;19.62;7.41;185.43;13.02;25.69;50.74;6.01;0.46;51.53;51.53;0.00;560.73
Jun03;134.89;119.08;15.81;20.26;0.04;0.01;19.22;0.99;389.22;87.85;15.07;12.19;179.48;18.56;29.14;36.83;9.37;0.72;45.25;45.25;0.00;589.62
Jul03;124.45;104.63;19.81;34.55;0.71;5.31;26.68;1.85;370.71;74.53;17.78;7.91;184.52;14.64;12.58;50.14;8.16;0.44;39.68;39.68;0.00;569.39
Ago03;58.61;54.58;4.04;25.46;0.07;0.00;23.97;1.41;398.24;110.72;14.57;6.78;178.33;16.98;7.55;51.71;10.95;0.66;57.42;57.42;0.00;539.73
Sep03;38.68;35.70;2.98;27.25;0.90;0.00;25.02;1.33;452.39;131.42;17.76;4.90;221.72;16.93;19.51;29.87;9.26;1.02;30.12;30.12;0.00;548.43
Oct03;30.18;29.33;0.85;31.11;0.33;5.30;24.34;1.14;411.39;103.62;20.72;6.65;176.98;18.31;23.57;54.38;6.54;0.61;74.77;74.77;0.00;547.46
Nov03;34.98;31.71;3.27;20.23;0.52;0.00;18.45;1.25;406.74;121.70;23.94;8.21;177.73;16.69;6.27;36.51;14.82;0.89;44.64;44.64;0.00;506.59
Dic03;72.33;69.44;2.89;17.10;0.90;0.00;15.40;0.80;493.18;149.70;22.86;8.56;194.30;15.21;25.92;72.09;3.88;0.67;55.57;55.57;0.00;638.18
Ene04;68.73;59.75;8.98;11.00;0.22;0.00;9.89;0.88;473.42;101.23;24.55;9.23;212.95;20.67;29.00;52.26;22.84;0.69;65.84;65.84;0.00;618.99
Feb04;47.77;41.64;6.13;6.80;0.23;0.00;5.04;1.53;530.36;201.20;24.49;11.50;203.90;18.17;29.11;30.90;10.19;0.91;52.88;52.88;0.00;637.82
Mar04;64.40;63.81;0.60;4.59;0.48;0.00;2.32;1.79;601.66;216.87;29.00;6.63;204.74;28.37;33.32;48.42;33.02;1.30;54.56;54.56;0.00;725.22
Abr04;54.38;51.95;2.43;12.22;0.49;6.96;3.35;1.42;527.97;138.24;27.23;12.72;191.84;21.23;46.02;63.98;25.79;0.93;44.54;44.54;0.00;639.10
May04;80.76;74.53;6.23;15.73;1.16;0.00;12.55;2.01;564.97;225.53;31.62;11.66;173.27;21.05;29.83;46.60;24.32;1.09;26.20;26.20;0.00;687.66
Jun04;114.33;80.14;34.19;21.94;0.18;0.00;20.52;1.24;533.12;194.26;34.18;12.46;179.66;21.46;16.56;44.68;28.91;0.94;53.87;53.87;0.00;723.25
Jul04;181.50;149.93;31.57;39.29;1.47;0.00;37.29;0.52;569.92;196.47;31.47;11.68;181.39;19.62;41.39;51.65;35.41;0.83;37.68;37.68;0.00;828.39
Ago04;153.20;143.30;9.90;38.96;0.33;0.00;37.87;0.76;605.76;228.21;27.59;5.06;201.21;19.35;28.11;59.19;35.85;1.18;45.77;45.77;0.00;843.69
Sep04;109.62;97.14;12.49;36.25;0.50;0.00;34.37;1.37;649.81;254.72;21.43;13.17;223.72;24.56;25.66;38.29;47.63;0.64;47.92;47.92;0.00;843.60
Oct04;64.13;63.71;0.42;45.32;0.47;0.00;43.61;1.24;673.99;225.28;35.98;4.86;212.65;19.44;43.87;56.14;74.14;1.63;82.07;82.07;0.00;865.51
Nov04;58.04;48.89;9.14;44.60;0.24;0.00;43.42;0.93;588.16;186.32;27.30;15.43;198.03;22.37;35.11;35.06;67.76;0.78;84.02;84.02;0.00;774.81
Dic04;106.82;79.66;27.16;48.42;0.51;7.62;39.64;0.65;804.67;312.31;30.81;14.71;240.93;23.89;31.11;49.67;100.05;1.19;50.61;50.61;0.00;1,010.53
Ene05;125.02;116.22;8.80;20.64;0.30;0.00;20.01;0.33;704.21;258.55;23.81;13.36;167.14;20.72;22.16;56.94;140.19;1.36;71.90;71.90;0.00;921.77
Feb05;62.45;41.19;21.26;14.61;0.59;0.00;13.32;0.70;633.48;195.23;22.69;10.04;216.35;24.12;16.52;66.46;80.74;1.32;98.18;98.18;0.00;808.72
Mar05;98.34;93.04;5.30;5.65;0.41;0.00;4.61;0.62;789.79;237.39;26.88;9.33;238.27;20.21;75.61;78.83;101.84;1.42;114.63;114.63;0.00;1,008.40
Abr05;62.88;52.33;10.55;8.89;0.05;0.00;7.75;1.09;718.34;268.20;30.75;14.13;191.22;27.06;34.15;58.20;93.02;1.59;117.27;117.27;0.00;907.38
May05;138.81;123.83;14.99;24.90;0.37;0.00;23.87;0.66;680.68;223.14;28.78;18.01;201.03;20.82;37.51;58.22;91.49;1.68;130.42;130.42;0.00;974.82
Jun05;209.96;180.76;29.20;31.01;0.03;0.00;30.08;0.89;725.57;224.50;23.88;23.79;238.87;22.16;39.81;71.32;79.82;1.41;112.47;112.47;0.00;1,079.01
Jul05;213.87;185.59;28.29;36.38;0.04;0.00;35.61;0.73;779.02;267.33;28.76;19.21;235.79;23.41;29.93;48.35;123.27;2.97;148.26;148.26;0.00;1,177.54
Ago05;143.08;131.40;11.68;36.69;0.47;0.89;34.19;1.14;782.35;254.38;24.02;17.25;255.60;17.72;49.76;77.76;84.66;1.20;160.54;160.54;0.00;1,122.66
Sep05;63.25;51.72;11.53;49.43;0.39;11.83;36.81;0.40;885.03;338.33;27.29;30.21;295.58;24.17;35.47;50.25;81.44;2.29;142.29;142.29;0.00;1,140.00
Oct05;12.58;12.12;0.46;36.53;0.39;0.00;35.08;1.06;855.60;322.62;17.71;21.47;284.21;25.14;31.49;76.39;74.07;2.49;159.88;159.88;0.00;1,064.59
Nov05;16.12;12.76;3.36;32.80;0.05;0.00;32.47;0.29;959.47;338.90;27.09;27.14;365.84;25.29;43.61;63.55;66.54;1.52;130.83;130.83;0.00;1,139.22
Dic05;156.64;146.50;10.14;33.54;0.20;0.00;32.84;0.50;1,276.31;543.24;19.76;12.13;405.48;29.79;75.43;98.83;89.68;1.97;138.96;138.96;0.00;1,605.45
Ene06;152.45;121.63;30.82;27.60;0.62;8.88;17.58;0.52;766.18;261.39;11.95;14.53;286.90;29.14;28.11;68.47;64.09;1.61;99.36;99.36;0.00;1,045.60
Feb06;107.16;97.35;9.81;9.28;0.44;0.00;8.28;0.55;865.88;292.04;24.95;20.66;301.91;28.23;33.97;98.18;62.70;3.24;114.13;114.13;0.00;1,096.46
Mar06;89.98;88.16;1.82;16.81;0.43;9.21;6.19;0.98;1,069.55;398.62;37.72;33.20;344.90;42.83;41.53;90.05;78.07;2.64;162.60;162.60;0.00;1,338.95
Abr06;27.67;22.46;5.21;7.71;0.39;0.00;6.49;0.82;1,199.79;481.99;27.25;17.41;329.98;41.78;88.42;141.22;70.88;0.86;197.18;197.18;0.00;1,432.34
May06;131.02;120.30;10.72;33.43;0.60;0.00;32.31;0.52;1,226.90;508.15;34.77;22.75;367.84;44.90;39.21;145.18;62.46;1.64;110.14;110.14;0.00;1,501.49
Jun06;202.42;146.48;55.94;43.82;1.17;0.00;41.77;0.88;1,191.92;476.96;32.23;15.56;356.69;38.81;29.88;177.72;62.75;1.31;175.05;175.05;0.00;1,613.21
Jul06;205.90;203.26;2.65;58.10;0.92;0.00;56.42;0.76;1,414.67;672.25;37.63;28.61;353.00;38.05;77.37;151.47;53.31;2.98;212.55;212.55;0.00;1,891.22
Ago06;86.84;70.37;16.47;74.22;0.30;0.01;73.21;0.71;1,223.97;489.73;37.28;20.45;320.28;42.24;48.56;197.91;65.05;2.47;136.36;136.36;0.00;1,521.39
Sep06;113.32;85.99;27.34;66.88;0.09;8.54;57.61;0.64;1,432.50;706.99;22.69;21.98;378.78;34.75;25.80;159.68;80.85;0.98;157.66;157.66;0.00;1,770.37
Oct06;47.97;38.34;9.63;89.37;0.81;0.00;87.67;0.89;1,249.73;491.59;58.05;19.26;294.76;44.33;96.73;189.84;52.89;2.28;129.64;129.64;0.00;1,516.71
Nov06;55.73;46.90;8.83;82.27;0.71;8.34;72.83;0.39;1,400.15;568.19;47.34;16.01;355.90;47.13;43.51;226.52;93.96;1.59;117.46;117.46;0.00;1,655.61
Dic06;114.70;97.81;16.88;64.18;0.52;7.96;54.68;1.02;1,693.27;647.65;37.11;25.57;341.45;47.39;159.47;344.97;87.13;2.53;205.56;205.56;0.00;2,077.71
Ene07;130.37;108.23;22.15;31.42;0.42;0.00;30.35;0.66;968.98;354.73;49.63;20.45;297.34;47.17;47.67;97.38;50.89;3.72;143.90;143.90;0.00;1,274.67
Feb07;176.35;153.08;23.26;20.92;0.35;0.00;19.56;1.01;1,091.03;374.41;13.35;16.76;287.48;43.08;81.09;225.68;45.86;3.33;174.13;174.13;0.00;1,462.43
Mar07;125.35;123.42;1.93;16.16;0.50;0.00;14.13;1.53;1,370.70;548.39;37.18;29.72;362.80;45.59;96.03;196.59;50.64;3.75;124.66;124.66;0.00;1,636.88
Abr07;78.02;74.95;3.06;8.54;0.02;0.00;7.02;1.50;1,396.13;556.88;47.19;26.23;288.20;44.01;73.17;283.44;73.39;3.62;160.25;160.25;0.00;1,642.94
May07;103.72;102.04;1.68;19.61;0.52;0.00;18.12;0.97;1,389.59;537.51;64.93;24.00;361.22;41.59;95.77;186.47;73.54;4.55;150.83;150.83;0.00;1,663.75
Jun07;129.79;94.77;35.02;26.03;0.52;0.00;24.67;0.84;1,556.86;644.24;45.57;16.22;278.91;39.76;68.15;367.39;91.32;5.30;206.33;206.33;0.00;1,919.01
Jul07;195.74;117.58;78.16;49.81;0.00;0.00;48.56;1.25;1,670.70;722.80;77.23;37.60;278.99;45.40;139.92;286.83;76.33;5.60;225.83;225.83;0.00;2,142.08
Ago07;142.16;126.54;15.62;68.04;0.39;2.51;64.60;0.54;1,433.53;632.77;59.34;10.00;345.48;41.26;57.80;149.72;132.61;4.56;166.25;166.25;0.00;1,809.99
Sep07;129.47;110.81;18.66;62.68;0.02;6.05;55.90;0.72;1,590.86;687.78;18.00;29.29;390.94;46.16;114.57;188.21;113.45;2.46;229.54;229.54;0.00;2,012.55
Oct07;74.16;61.13;13.03;69.45;0.00;10.22;58.23;0.99;1,650.37;757.22;67.28;31.31;332.36;50.54;57.74;267.67;80.33;5.92;228.60;228.60;0.00;2,022.57
Nov07;61.07;47.65;13.42;40.33;0.45;0.00;39.09;0.79;1,523.04;730.26;40.51;23.75;441.84;38.59;61.36;87.09;97.62;2.01;230.11;230.11;0.00;1,854.54
Dic07;113.97;90.75;23.22;47.45;0.04;0.00;46.72;0.68;1,797.57;672.09;74.89;20.09;521.83;55.06;139.68;202.94;105.19;5.79;266.01;266.01;0.00;2,225.00
Ene08;195.75;121.76;73.99;21.92;0.13;0.00;21.02;0.78;1,483.02;491.14;88.43;24.26;409.50;50.37;116.43;178.19;119.66;5.04;217.10;217.10;0.00;1,917.79
Feb08;127.37;121.44;5.93;14.85;0.37;0.00;13.01;1.47;1,540.86;605.29;56.49;23.83;499.66;54.67;107.61;104.50;81.43;7.38;228.43;228.43;0.00;1,911.52
Mar08;136.77;124.72;12.04;10.00;0.02;0.00;8.03;1.95;1,769.68;761.01;66.45;28.08;497.24;66.69;116.27;144.10;84.81;5.02;237.85;237.85;0.00;2,154.30
Abr08;108.89;102.54;6.35;12.60;0.00;2.31;9.35;0.94;1,697.60;805.01;59.51;24.36;404.62;45.26;113.21;157.58;85.77;2.29;253.51;253.51;0.00;2,072.59
May08;163.76;135.60;28.17;29.72;0.10;1.95;26.13;1.53;1,833.82;767.53;64.94;22.50;525.31;62.37;96.73;147.04;143.02;4.39;224.46;224.46;0.00;2,251.76
Jun08;164.06;142.46;21.60;52.31;0.00;0.00;51.32;0.98;1,558.73;669.01;51.22;43.43;475.70;49.11;65.57;110.10;90.65;3.93;374.55;374.55;0.00;2,149.65
Jul08;284.43;202.43;82.00;73.26;0.35;0.00;71.45;1.46;1,689.49;690.35;34.60;24.58;486.36;76.13;117.82;152.36;103.60;3.69;269.63;269.63;0.00;2,316.81
Ago08;227.68;171.51;56.17;109.57;0.00;0.00;109.03;0.54;1,520.79;666.09;53.95;50.94;446.51;49.17;76.05;114.97;59.05;4.06;330.33;330.33;0.00;2,188.37
Sep08;121.05;96.75;24.30;104.34;0.15;0.00;102.32;1.88;1,533.37;601.25;48.90;49.84;475.75;42.12;126.68;116.58;68.19;4.06;150.52;150.52;0.00;1,909.28
Oct08;84.09;66.41;17.68;108.18;0.74;15.16;91.38;0.90;1,227.19;425.76;42.63;38.81;466.49;33.55;82.95;89.70;44.27;3.03;177.84;177.84;0.00;1,597.30
Nov08;81.67;54.31;27.36;91.29;0.21;2.20;88.06;0.83;1,129.43;438.04;52.56;39.76;411.41;31.97;48.41;71.77;33.29;2.23;117.19;117.19;0.00;1,419.58
Dic08;101.87;72.68;29.19;57.90;0.23;3.10;53.99;0.57;1,116.99;356.49;43.10;14.71;487.48;34.04;67.93;81.41;29.34;2.50;100.02;100.02;0.00;1,376.78
Ene09;119.88;91.36;28.52;27.10;0.22;0.00;26.51;0.38;928.05;248.94;54.32;22.26;467.04;39.36;36.83;38.57;17.67;3.04;73.55;73.55;0.00;1,148.57
Feb09;129.72;116.08;13.64;23.29;0.56;8.79;13.44;0.50;1,099.76;318.38;53.04;20.08;515.87;39.23;73.14;48.00;29.61;2.40;108.04;108.04;0.00;1,360.80
Mar09;159.09;141.40;17.69;10.63;0.44;0.52;8.94;0.73;1,139.10;392.46;52.58;23.69;499.34;42.58;35.28;75.34;16.75;1.08;127.54;127.54;0.00;1,436.36
Abr09;88.12;56.48;31.64;10.36;0.20;0.23;8.72;1.22;1,120.91;351.93;45.26;22.66;516.48;12.20;73.81;78.63;15.20;4.76;128.58;128.58;0.00;1,347.98
May09;152.20;138.84;13.37;31.88;0.03;6.13;24.72;0.99;1,371.14;486.75;60.53;37.70;554.69;21.58;98.76;89.47;20.12;1.53;123.40;123.40;0.00;1,678.61
Jun09;257.20;228.94;28.26;48.87;0.24;0.00;47.42;1.21;1,253.68;445.86;45.95;19.37;524.38;7.34;94.46;95.08;17.28;3.97;108.87;108.87;0.00;1,668.63
Jul09;256.49;237.85;18.65;69.90;0.22;0.00;68.57;1.11;1,324.05;528.05;37.99;26.21;550.99;8.10;88.29;65.11;18.63;0.67;164.39;164.39;0.00;1,814.83
Ago09;164.40;127.04;37.36;73.40;0.41;0.38;71.85;0.76;1,351.35;460.07;47.81;30.71;616.23;14.06;56.67;104.96;20.01;0.84;211.53;211.53;0.00;1,800.68
Sep09;65.34;50.67;14.67;91.07;0.35;0.00;89.20;1.52;1,628.58;597.62;57.26;17.71;660.77;7.74;136.90;100.58;49.33;0.69;182.40;182.40;0.00;1,967.39
Oct09;58.60;32.92;25.68;85.03;0.00;0.00;84.14;0.90;1,670.33;717.02;43.23;23.80;607.14;8.26;101.41;143.46;25.05;0.96;201.39;201.39;0.00;2,015.35
Nov09;49.06;36.08;12.98;93.10;0.00;10.67;81.14;1.29;1,760.02;710.45;54.67;27.46;600.29;7.74;144.34;184.35;24.35;6.38;206.52;206.52;0.00;2,108.70
Dic09;183.11;167.84;15.27;69.73;0.02;8.18;60.06;1.47;1,834.85;677.87;38.58;26.04;677.73;5.89;175.92;209.67;21.98;1.18;284.61;284.61;0.00;2,372.30
Ene10;156.74;136.27;20.47;21.27;0.00;0.00;20.49;0.78;1,512.89;586.79;40.45;33.22;607.53;8.37;91.83;122.21;21.61;0.88;236.17;236.17;0.00;1,927.07
Feb10;205.47;183.22;22.25;34.11;0.00;15.79;16.10;2.21;1,617.08;662.25;60.73;12.79;607.62;10.43;86.36;136.99;39.02;0.89;238.68;238.68;0.00;2,095.34
Mar10;196.32;172.57;23.74;25.30;0.02;15.83;8.23;1.22;1,731.39;665.59;55.23;30.09;660.91;5.09;166.93;115.22;31.27;1.06;263.21;263.21;0.00;2,216.21
Abr10;89.73;80.49;9.25;11.43;0.00;1.08;7.35;2.99;1,750.29;751.68;65.40;34.68;617.01;7.94;84.08;153.77;34.08;1.66;207.27;207.27;0.00;2,058.72
May10;45.55;29.67;15.88;30.24;0.07;0.00;29.41;0.76;1,562.60;629.75;52.11;34.27;587.34;9.67;83.07;123.47;42.32;0.60;202.35;202.35;0.00;1,840.75
Jun10;203.10;178.71;24.39;74.96;0.02;0.00;72.59;2.35;1,937.42;734.93;82.53;27.45;734.05;7.77;145.02;170.39;27.65;7.63;228.51;220.96;7.55;2,443.99
Jul10;358.58;302.77;55.81;127.33;0.00;1.07;124.89;1.38;1,654.15;694.64;73.55;23.84;579.23;8.52;109.66;106.12;57.52;1.07;220.57;196.41;24.16;2,360.63
Ago10;196.48;173.20;23.28;137.79;0.60;2.26;132.79;2.15;1,781.10;695.12;89.76;74.54;602.65;11.02;108.25;150.63;44.94;4.19;291.23;244.63;46.61;2,406.61
Sep10;223.16;202.04;21.12;140.36;0.00;17.57;120.50;2.29;1,986.50;893.54;63.18;81.48;660.70;11.88;116.87;109.59;44.10;5.17;282.94;257.02;25.92;2,632.96
Oct10;95.84;67.33;28.51;135.05;0.32;0.68;132.28;1.78;1,917.46;792.63;70.37;54.12;641.72;9.06;167.99;127.06;53.61;0.88;272.66;230.82;41.84;2,421.00
Nov10;36.65;18.44;18.21;133.06;0.00;9.89;121.94;1.23;2,078.83;819.98;106.07;65.03;671.61;14.33;234.39;133.65;31.30;2.48;282.50;211.27;71.23;2,531.03
Dic10;76.60;65.27;11.33;104.20;0.06;0.59;102.15;1.39;2,373.13;952.24;82.24;51.77;774.25;14.14;184.37;246.98;64.51;2.63;362.04;295.81;66.24;2,915.97
Ene11;79.39;65.05;14.33;49.34;0.06;13.87;33.44;1.97;1,778.36;697.69;74.32;83.97;601.22;15.34;136.04;112.45;55.78;1.53;341.71;241.34;100.37;2,248.80
Feb11;124.53;111.25;13.28;26.86;0.03;0.48;24.13;2.23;2,127.99;963.78;93.22;88.26;659.10;17.37;126.87;139.27;36.75;3.37;326.43;242.65;83.78;2,605.82
Mar11;122.62;93.85;28.76;23.26;0.77;0.00;20.19;2.29;2,390.61;1,049.76;67.57;69.07;815.23;18.80;153.55;158.54;55.83;2.27;366.93;338.44;28.49;2,903.42
Abr11;119.26;107.11;12.15;17.86;1.33;1.24;12.27;3.02;2,147.88;756.34;74.50;97.50;753.23;17.41;235.27;162.55;49.48;1.60;340.38;225.65;114.73;2,625.39
May11;349.63;317.56;32.07;73.55;0.33;3.13;67.64;2.45;2,396.44;964.32;79.50;98.99;788.15;17.44;289.77;124.84;31.51;1.93;445.85;304.43;141.42;3,265.48
Jun11;352.88;301.64;51.24;139.50;0.87;0.01;134.83;3.79;2,408.25;1,119.03;48.45;54.62;866.37;17.15;141.16;116.39;42.34;2.72;478.15;370.32;107.84;3,378.78
Jul11;357.40;282.32;75.08;200.35;0.87;0.00;196.08;3.39;2,294.68;736.78;41.70;108.28;877.40;20.83;283.47;169.13;55.50;1.59;414.81;288.56;126.25;3,267.25
Ago11;198.16;159.97;38.19;251.52;0.87;23.39;222.70;4.56;2,778.72;1,187.77;24.95;101.85;1,025.12;22.45;243.36;129.23;37.15;6.85;384.96;276.57;108.38;3,613.35
Sep11;133.03;120.52;12.51;250.64;1.36;0.01;245.08;4.20;2,233.53;860.33;14.86;65.38;958.92;23.78;172.66;78.01;56.66;2.93;439.63;344.69;94.94;3,056.83
Oct11;128.36;97.14;31.22;222.84;0.37;5.47;212.93;4.07;2,398.23;806.68;106.61;105.51;934.05;15.48;266.20;112.89;48.61;2.21;300.96;187.53;113.43;3,050.39
Nov11;54.07;43.42;10.65;201.34;0.46;0.00;198.70;2.18;1,857.85;550.86;61.19;68.42;925.02;19.34;98.97;85.35;46.62;2.07;268.67;166.68;101.99;2,381.93
Dic11;94.18;80.27;13.91;232.29;0.46;0.00;229.23;2.60;2,713.12;1,027.69;88.71;88.23;1,031.55;14.05;279.40;133.89;47.47;2.14;459.32;297.43;161.89;3,498.90
Ene12;291.13;213.84;77.29;85.83;0.25;2.18;80.65;2.75;2,369.06;839.80;78.19;84.90;901.28;22.39;275.28;119.49;43.45;4.29;401.61;314.88;86.73;3,147.63
Feb12;209.14;176.65;32.50;47.88;0.20;1.77;44.60;1.31;2,367.32;910.65;52.28;80.40;1,052.15;17.89;98.22;106.71;47.07;1.96;345.06;199.33;145.74;2,969.41
Mar12;183.75;162.11;21.64;28.17;0.73;1.77;23.17;2.50;2,473.29;998.00;42.09;65.34;980.73;18.13;209.54;126.43;32.34;0.69;489.28;354.40;134.88;3,174.48
Abr12;162.95;119.14;43.81;18.65;0.22;0.00;15.89;2.54;1,791.08;577.51;36.93;42.10;715.53;19.17;248.72;101.07;47.81;2.24;417.95;305.39;112.56;2,390.64
May12;79.15;67.46;11.68;40.71;0.67;0.01;37.13;2.91;2,260.72;1,037.16;61.86;111.93;751.53;17.17;155.34;94.26;30.02;1.44;405.94;234.76;171.18;2,786.52
Jun12;290.45;203.39;87.06;81.89;0.15;0.04;58.73;22.97;2,120.17;761.91;39.60;93.01;798.77;16.49;254.09;117.31;37.22;1.78;387.13;303.91;83.22;2,879.64
Jul12;310.60;259.52;51.08;115.30;0.24;0.02;107.79;7.25;2,305.70;931.72;49.41;67.81;876.92;12.84;228.70;100.86;36.02;1.42;376.40;261.54;114.86;3,108.01
Ago12;290.38;190.18;100.21;154.08;0.48;0.01;151.77;1.81;2,130.31;768.49;25.97;52.80;938.18;16.43;159.36;132.34;35.13;1.60;401.56;319.85;81.71;2,976.33
Sep12;141.23;96.89;44.34;154.28;0.65;0.01;147.89;5.73;2,498.99;1,074.06;33.93;86.18;903.39;25.03;252.69;86.76;32.71;4.24;466.32;364.14;102.18;3,260.82
Oct12;162.92;151.45;11.47;159.03;0.25;0.00;156.74;2.04;2,304.02;891.05;50.90;30.59;932.74;11.97;236.33;119.68;29.85;0.92;466.98;375.46;91.52;3,092.94
Nov12;116.26;70.58;45.68;129.95;0.09;0.01;122.58;7.27;2,287.53;834.60;34.60;67.75;1,005.21;16.22;189.39;107.98;31.38;0.39;433.90;380.78;53.13;2,967.64
Dic12;73.75;58.84;14.92;79.05;0.47;0.00;76.68;1.90;2,558.48;1,105.99;52.49;62.02;889.09;15.83;267.69;139.45;25.28;0.65;403.38;250.54;152.84;3,114.66
Ene13;75.54;56.20;19.34;32.67;0.09;0.00;21.15;11.42;1,961.18;781.83;50.58;84.06;758.20;14.80;106.65;135.04;29.11;0.92;528.20;338.94;189.26;2,597.59
Feb13;82.49;63.98;18.52;16.37;0.07;0.00;13.82;2.48;1,882.54;749.96;34.37;66.43;773.45;34.17;122.35;78.72;21.56;1.53;442.46;317.71;124.75;2,423.86
Mar13;131.64;96.75;34.88;15.80;0.11;0.00;11.05;4.65;2,236.32;866.24;41.01;89.44;936.14;30.93;113.90;137.21;17.84;3.61;482.73;336.28;146.45;2,866.48
Abr13;121.75;97.14;24.61;20.95;0.11;2.55;13.81;4.48;1,770.95;546.21;42.12;60.07;738.11;46.64;168.64;133.98;33.55;1.63;477.03;351.74;125.30;2,390.69
May13;35.99;23.44;12.55;44.22;0.13;0.00;27.56;16.53;2,092.27;857.76;40.48;79.52;779.68;17.53;184.62;109.28;20.60;2.80;454.69;341.89;112.79;2,627.17
Jun13;121.04;111.97;9.08;54.41;0.07;1.05;49.96;3.34;1,898.46;778.81;40.32;48.74;663.49;44.31;170.94;121.57;29.05;1.24;362.90;272.58;90.32;2,436.82
Jul13;239.95;193.97;45.98;89.22;0.08;0.79;84.46;3.89;1,854.95;772.08;39.14;48.99;642.61;65.10;155.51;105.07;24.89;1.55;329.97;240.81;89.16;2,514.09
Ago13;325.33;268.87;56.46;118.32;0.29;0.83;110.51;6.69;2,311.99;955.97;58.33;90.37;834.44;56.84;115.00;170.71;28.24;2.08;467.13;390.66;76.46;3,222.77
Sep13;204.97;167.36;37.61;106.44;0.37;2.63;100.37;3.07;1,983.18;923.32;40.41;60.02;599.70;42.68;206.19;79.63;29.46;1.78;431.75;319.74;112.01;2,726.34
Oct13;150.81;96.47;54.34;114.30;0.03;3.29;109.04;1.94;1,986.39;868.70;50.44;81.85;649.29;46.87;113.26;139.40;34.26;2.32;434.27;345.52;88.75;2,685.77
Nov13;42.77;24.22;18.54;109.59;0.05;2.77;93.42;13.35;1,762.74;796.42;49.24;82.14;526.83;38.46;123.37;117.14;27.35;1.79;430.03;321.27;108.77;2,345.13
Dic13;174.43;163.47;10.96;63.59;0.29;0.02;60.51;2.77;2,048.46;923.46;41.27;65.17;634.33;40.91;195.64;86.09;59.61;1.98;429.79;321.99;107.81;2,716.27
Ene14;271.86;214.51;57.35;27.39;0.10;3.10;21.25;2.94;1,588.84;588.83;52.65;72.74;566.93;35.56;114.04;131.55;25.16;1.38;339.15;250.57;88.59;2,227.25
Feb14;235.75;194.42;41.33;26.08;0.15;0.42;20.80;4.71;1,708.16;840.24;43.79;84.86;500.05;53.93;37.16;119.58;26.81;1.74;393.31;304.51;88.80;2,363.31
Mar14;180.95;119.72;61.23;37.24;0.13;7.14;14.39;15.57;1,641.01;604.71;61.45;58.02;582.26;49.09;150.17;106.67;26.80;1.82;409.75;318.41;91.34;2,268.95
Abr14;80.64;64.58;16.06;15.17;0.39;1.43;9.10;4.25;1,690.65;775.74;50.16;67.69;493.09;35.31;105.89;137.08;23.63;2.06;470.42;414.16;56.26;2,256.89
May14;77.83;59.51;18.32;24.15;0.46;0.85;17.67;5.18;1,705.99;730.39;43.21;75.58;550.74;40.96;114.92;108.21;39.58;2.40;383.91;328.34;55.57;2,191.88
Jun14;174.97;131.66;43.31;55.31;0.64;0.48;43.40;10.79;1,586.18;670.07;44.48;58.80;550.69;20.95;118.14;113.21;8.08;1.77;461.18;429.67;31.50;2,277.63
Jul14;184.63;164.41;20.22;84.62;0.11;0.00;80.91;3.60;1,701.25;690.59;45.69;50.82;570.30;21.57;193.29;87.97;33.39;7.64;412.02;343.69;68.34;2,382.53
Ago14;164.16;112.49;51.66;123.61;0.55;3.82;114.23;5.00;1,964.58;909.53;43.49;17.96;607.66;11.58;161.98;156.26;54.95;1.16;373.60;332.33;41.27;2,625.94
Sep14;89.56;66.34;23.23;130.79;0.10;3.80;124.07;2.82;1,801.07;846.54;45.03;42.48;606.64;17.88;105.64;108.75;26.53;1.57;394.02;348.58;45.44;2,415.44
Oct14;59.40;46.99;12.41;134.91;0.76;4.34;126.86;2.96;1,814.64;730.23;49.42;53.12;590.20;15.95;192.19;143.83;34.76;4.95;327.85;262.39;65.46;2,336.81
Nov14;117.22;84.06;33.16;105.02;0.30;3.92;97.79;3.00;1,550.10;711.26;21.67;38.91;507.89;12.05;87.07;134.31;31.59;5.34;322.12;242.32;79.80;2,094.46
Dic14;93.54;76.42;17.13;83.14;0.04;7.82;63.63;11.65;1,792.93;776.79;38.52;25.71;602.62;16.23;142.03;156.11;28.89;6.03;274.94;200.95;73.99;2,244.55
Ene15;108.12;66.01;42.11;19.02;0.00;2.45;12.29;4.27;1,552.84;544.79;36.37;42.93;603.57;13.37;135.08;145.21;29.49;2.03;197.78;149.42;48.36;1,877.76
Feb15;37.99;29.33;8.66;13.96;0.25;0.00;9.57;4.14;1,452.86;587.77;32.54;34.32;509.28;10.27;131.69;125.35;21.03;0.61;203.31;160.81;42.49;1,708.12
Mar15;29.54;20.36;9.18;13.82;0.27;0.02;7.19;6.34;1,493.32;596.36;32.10;26.10;542.63;10.75;140.01;113.81;29.33;2.24;250.85;192.73;58.12;1,787.52
Abr15;29.62;19.24;10.38;16.61;0.55;3.78;7.82;4.47;1,409.46;549.62;29.50;38.51;551.94;13.88;96.15;114.61;12.49;2.77;221.96;179.86;42.10;1,677.66
May15;156.29;147.37;8.92;28.62;0.56;0.01;21.99;6.06;1,456.04;562.83;16.05;23.41;525.67;11.29;160.90;128.02;24.87;3.00;156.93;140.67;16.26;1,797.88
Jun15;253.15;218.77;34.38;40.28;0.09;0.05;34.71;5.42;1,762.73;840.00;36.03;38.57;551.43;11.06;120.52;143.81;15.56;5.74;238.15;204.48;33.66;2,294.31
Jul15;170.89;134.09;36.80;84.56;0.26;0.04;66.86;17.39;1,522.21;664.72;22.06;28.45;543.73;12.74;88.57;143.74;15.41;2.78;182.94;151.72;31.22;1,960.60
Ago15;187.38;134.80;52.57;85.36;0.12;0.03;79.02;6.19;1,727.98;808.20;27.28;34.39;523.43;11.56;154.97;141.82;22.19;4.15;192.65;160.01;32.64;2,193.36
Sep15;161.00;112.70;48.29;116.58;0.04;0.03;111.92;4.59;1,437.76;592.40;23.23;6.61;579.01;8.86;106.28;112.08;8.58;0.71;140.89;123.60;17.29;1,856.23
Oct15;164.54;147.67;16.87;114.94;0.76;4.38;105.19;4.61;1,692.79;771.96;26.59;31.10;639.89;12.58;99.02;95.25;15.87;0.54;184.50;138.76;45.74;2,156.77
Nov15;110.29;95.99;14.30;90.79;0.29;0.53;86.16;3.80;1,572.19;757.68;22.46;25.86;471.43;12.21;142.70;128.48;11.16;0.21;180.11;144.60;35.51;1,953.38
Dic15;48.13;31.58;16.56;98.22;0.04;7.04;70.95;20.19;1,869.95;891.21;37.46;19.75;608.59;9.22;172.39;115.49;13.65;2.19;152.25;106.57;45.68;2,168.56
Ene16;39.25;19.49;19.76;38.02;0.18;4.60;28.87;4.38;1,367.59;612.77;22.32;24.28;528.39;6.72;49.56;105.45;17.51;0.58;129.77;111.02;18.75;1,574.63
Feb16;147.72;126.85;20.87;26.33;0.10;1.95;18.61;5.67;1,391.71;591.33;19.76;18.89;488.89;12.16;160.42;88.07;11.12;1.05;94.78;73.06;21.72;1,660.54
Mar16;181.69;143.72;37.97;27.16;0.00;5.36;17.09;4.70;1,681.27;721.27;29.21;27.09;630.63;7.49;143.95;106.27;15.29;0.08;132.06;106.78;25.29;2,022.19
Abr16;142.18;105.20;36.98;15.86;0.03;0.65;8.52;6.67;1,757.94;873.28;25.81;35.06;605.59;9.90;94.71;92.02;21.49;0.08;101.24;80.47;20.77;2,017.22
May16;74.41;53.53;20.88;18.47;0.19;2.07;12.46;3.75;1,715.67;829.01;27.05;47.88;556.93;8.45;124.78;108.75;11.99;0.84;208.67;171.89;36.78;2,017.22
Jun16;53.35;34.69;18.66;34.92;0.19;0.71;30.17;3.85;1,655.92;648.91;28.20;15.85;699.30;10.58;122.45;102.74;26.56;1.35;151.22;123.49;27.73;1,895.42
Jul16;140.41;131.68;8.74;77.68;0.00;1.77;70.34;5.57;2,034.22;1,012.25;29.52;34.58;673.61;12.01;156.32;88.73;26.24;0.96;205.56;158.00;47.57;2,457.88
Ago16;172.42;145.49;26.93;128.14;0.23;0.02;116.87;11.03;1,898.79;837.36;30.40;28.82;646.81;6.15;147.30;172.01;29.15;0.80;162.84;118.24;44.60;2,362.20
Sep16;136.50;107.83;28.66;123.98;0.12;0.03;120.55;3.29;1,882.94;772.77;26.57;15.23;714.57;17.08;179.09;121.64;35.13;0.85;183.30;152.20;31.10;2,326.72
Oct16;56.88;29.28;27.60;157.79;0.19;10.81;117.26;29.53;2,099.02;1,128.40;38.94;24.36;602.35;9.21;120.79;140.91;29.49;4.58;261.50;197.92;63.57;2,575.18
Nov16;17.86;8.01;9.85;121.10;0.30;0.32;118.04;2.44;2,007.83;922.20;24.94;43.82;614.10;10.82;195.53;169.16;26.02;1.23;246.08;174.34;71.74;2,392.86
Dic16;106.58;93.14;13.44;108.48;0.02;0.02;103.79;4.65;2,326.17;1,221.35;41.53;27.67;664.53;9.88;162.91;173.02;22.67;2.61;339.67;225.92;113.74;2,880.89
Ene17;202.38;171.24;31.14;52.18;0.03;5.79;42.63;3.74;1,785.03;873.70;27.35;42.50;564.54;7.54;99.91;146.65;19.18;3.66;280.73;214.86;65.87;2,320.32
Feb17;246.22;221.26;24.96;33.34;0.18;0.63;16.52;16.02;2,198.27;1,152.10;27.81;18.22;614.18;9.05;156.37;192.89;23.39;4.26;266.60;184.51;82.08;2,744.43
Mar17;168.64;143.11;25.53;16.62;0.15;0.02;12.88;3.57;1,986.75;1,013.77;35.31;36.27;607.20;10.01;79.03;174.89;27.42;2.85;245.42;193.84;51.58;2,417.43
Abr17;119.53;72.96;46.57;11.36;0.28;0.02;6.06;5.00;1,935.85;932.35;34.13;56.79;643.06;9.15;114.86;122.63;21.77;1.11;266.54;222.10;44.44;2,333.27
May17;110.20;85.85;24.35;30.42;0.20;0.30;24.82;5.09;2,181.19;1,081.79;34.37;43.27;612.09;9.65;138.56;228.83;29.52;3.09;249.58;195.99;53.60;2,571.39
Jun17;314.65;285.62;29.03;40.24;0.10;0.02;37.10;3.02;2,358.36;1,186.06;27.30;27.81;736.31;10.69;149.20;188.69;26.85;5.46;199.63;156.21;43.42;2,912.87
Jul17;298.53;254.46;44.06;66.91;0.13;0.02;64.34;2.42;1,865.30;839.84;31.23;30.82;627.24;9.79;134.95;157.20;30.10;4.12;224.23;200.35;23.88;2,454.97
Ago17;168.31;136.22;32.09;97.86;0.12;0.03;93.90;3.81;2,451.64;1,185.23;34.25;37.13;825.89;10.43;162.79;160.29;29.26;6.38;316.64;247.45;69.19;3,034.44
Sep17;88.06;57.96;30.11;115.24;0.00;0.85;111.57;2.82;2,914.37;1,501.22;31.38;41.41;871.34;8.57;184.82;233.78;37.27;4.59;268.02;206.99;61.03;3,385.70
Oct17;39.49;16.64;22.85;146.37;0.00;7.60;118.47;20.30;2,442.69;1,233.44;33.12;6.06;713.55;11.90;167.85;234.76;39.25;2.76;311.89;256.24;55.65;2,940.45
Nov17;23.37;10.07;13.30;125.45;0.00;2.00;106.91;16.55;2,645.49;1,418.77;25.81;47.10;701.19;10.50;162.28;243.25;36.48;0.12;338.15;244.61;93.54;3,132.47
Dic17;9.14;3.33;5.80;90.89;0.00;1.01;78.70;11.17;2,816.67;1,426.69;28.42;47.00;753.88;10.76;175.51;314.65;47.36;12.39;401.43;273.54;127.89;3,318.11
Ene18;11.25;4.24;7.01;47.53;0.00;0.20;41.38;5.95;2,461.81;1,225.76;33.12;47.71;769.20;10.81;128.94;211.64;32.50;2.12;426.67;324.89;101.78;2,947.26
Feb18;127.53;80.80;46.73;34.93;0.02;5.07;24.07;5.77;2,281.47;1,093.92;24.33;52.21;637.86;8.71;167.73;252.61;43.92;0.17;226.55;194.61;31.94;2,670.48
Mar18;168.53;145.01;23.51;15.39;0.07;0.03;10.20;5.09;2,626.26;1,363.75;28.37;49.57;711.67;10.50;126.73;273.42;60.26;2.00;343.29;255.27;88.03;3,153.47
Abr18;70.91;35.45;35.47;15.89;0.18;0.01;7.46;8.25;2,380.57;1,251.00;35.37;27.91;635.53;10.54;137.36;236.43;46.20;0.22;294.27;194.00;100.27;2,761.64
May18;274.61;264.34;10.27;23.75;0.57;0.04;16.95;6.20;2,509.20;1,284.40;29.10;45.93;723.23;12.40;126.93;245.79;41.22;0.20;310.89;225.92;84.97;3,118.45
Jun18;365.57;332.61;32.96;42.83;0.34;0.02;36.49;5.98;2,656.62;1,416.98;31.28;31.03;716.42;12.52;116.02;266.63;63.69;2.07;369.97;280.08;89.88;3,434.99
Jul18;321.83;259.06;62.77;60.66;0.42;0.02;56.59;3.62;2,283.04;1,185.52;19.36;39.97;680.44;8.95;95.46;202.06;50.99;0.28;349.71;245.05;104.67;3,015.24
Ago18;261.36;219.85;41.51;97.07;0.03;0.02;92.06;4.97;2,220.56;1,185.27;32.93;28.49;661.82;13.32;99.27;171.33;27.92;0.19;308.53;265.37;43.16;2,887.52
Sep18;164.73;100.03;64.70;105.18;0.10;0.08;99.01;5.99;2,183.01;1,089.63;26.52;39.81;623.77;7.88;147.45;186.05;61.89;0.02;369.98;278.36;91.62;2,822.91
Oct18;50.42;28.96;21.47;128.86;0.02;0.08;123.49;5.28;2,234.50;1,071.18;27.24;35.30;728.99;9.51;96.88;186.98;75.17;3.24;361.24;268.70;92.55;2,775.03
Nov18;29.90;13.28;16.62;101.98;0.03;2.78;95.94;3.23;2,552.44;1,368.21;18.80;29.89;687.98;8.23;183.55;194.09;61.49;0.20;319.92;215.14;104.78;3,004.24
Dic18;91.44;79.93;11.51;88.19;0.02;5.78;78.50;3.90;2,509.17;1,402.91;45.34;56.55;681.60;9.32;119.16;146.86;47.24;0.20;357.69;249.52;108.17;3,046.50
Ene19;159.47;139.62;19.85;52.48;0.01;0.03;42.16;10.28;2,214.19;1,087.00;21.93;67.51;726.79;4.23;107.43;131.13;68.04;0.13;283.64;183.52;100.12;2,709.79
Feb19;253.48;196.12;57.36;23.09;0.00;0.06;18.72;4.30;2,002.32;975.40;37.10;60.56;606.49;6.61;125.97;161.12;28.74;0.33;285.06;223.98;61.09;2,563.95
Mar19;253.65;205.13;48.52;17.15;0.14;3.04;7.90;6.06;2,155.00;1,000.32;38.21;68.90;640.83;2.76;110.39;240.44;52.93;0.23;270.69;217.22;53.47;2,696.48
Abr19;162.77;139.58;23.19;24.54;0.38;7.14;8.25;8.77;2,344.33;1,310.28;34.31;66.72;607.65;5.21;134.61;152.71;32.83;0.00;231.58;187.82;43.76;2,763.23
May19;70.17;41.51;28.65;22.27;0.29;1.31;13.29;7.38;2,336.26;1,095.43;29.43;66.43;752.95;7.36;97.72;229.43;57.31;0.22;215.77;176.21;39.56;2,644.47
Jun19;217.75;185.22;32.53;34.47;0.22;1.06;27.98;5.21;2,490.55;1,197.08;41.31;75.87;750.50;5.21;151.17;193.76;75.49;0.16;212.22;192.28;19.94;2,954.99
Jul19;240.09;184.70;55.39;88.39;0.04;3.92;64.45;19.99;2,414.66;1,143.72;30.01;107.28;771.32;5.21;142.99;165.90;47.95;0.28;240.10;198.42;41.67;2,983.24
Ago19;98.01;54.94;43.07;90.15;0.13;4.70;82.53;2.78;2,411.38;1,047.57;27.78;118.88;862.57;15.22;108.33;172.85;57.92;0.26;244.33;195.11;49.22;2,843.87
Sep19;130.44;98.95;31.49;120.42;0.15;3.90;106.44;9.94;2,358.62;1,113.18;28.74;73.49;812.23;6.95;118.01;161.72;44.20;0.11;224.66;183.15;41.51;2,834.15
Oct19;157.90;114.47;43.44;100.41;0.08;3.59;93.57;3.18;2,482.06;1,160.40;20.12;84.85;784.32;6.69;166.16;195.44;63.96;0.13;212.28;164.72;47.56;2,952.66
Nov19;98.71;79.45;19.26;105.32;0.10;4.07;86.98;14.17;2,347.88;1,151.00;29.67;89.23;754.33;8.86;128.75;122.59;63.27;0.17;254.09;200.75;53.34;2,806.00
Dic19;86.36;69.18;17.18;95.59;0.04;7.80;84.92;2.82;3,022.08;1,719.55;43.70;98.34;728.29;6.39;175.45;186.93;63.28;0.15;300.64;228.81;71.83;3,504.68
Ene20;114.94;106.83;8.12;35.91;0.00;4.32;29.12;2.46;2,315.37;1,006.53;33.32;90.95;866.96;6.37;120.21;165.37;25.49;0.17;226.07;184.37;41.70;2,692.29
Feb20;102.56;68.80;33.76;20.10;0.08;2.40;14.68;2.95;2,257.63;1,024.99;34.58;110.10;754.71;5.55;143.39;141.93;42.23;0.15;166.33;132.28;34.05;2,546.61
Mar20;87.80;57.17;30.63;9.55;0.10;2.21;5.55;1.69;1,801.01;820.83;32.75;81.65;513.29;4.73;122.75;183.03;41.87;0.11;145.12;108.07;37.05;2,043.48
Abr20;43.20;25.66;17.54;10.60;0.04;1.92;8.05;0.59;1,169.94;563.49;1.61;34.14;369.03;4.53;87.74;96.27;13.14;0.00;72.31;51.11;21.20;1,296.05
May20;48.26;16.89;31.36;19.96;0.03;1.21;17.43;1.29;1,165.42;693.39;13.51;0.00;294.88;6.50;84.89;33.96;38.29;0.00;60.60;35.72;24.88;1,294.24
Jun20;87.74;75.87;11.87;27.55;0.28;1.70;24.66;0.91;1,895.87;1,007.95;26.74;25.10;631.46;6.97;80.73;78.61;36.65;1.67;63.31;52.75;10.55;2,074.46
Jul20;298.30;251.36;46.94;63.35;0.03;2.44;59.42;1.45;2,153.47;1,145.75;31.78;95.04;626.97;6.50;110.63;101.27;33.41;2.13;129.98;96.67;33.31;2,645.10
Ago20;316.39;260.95;55.44;101.72;0.21;9.05;90.19;2.26;1,950.12;728.95;25.53;109.61;701.36;8.32;183.50;161.36;31.24;0.25;91.94;50.49;41.45;2,460.16
Sep20;212.50;176.67;35.83;129.26;0.19;6.62;117.56;4.89;2,650.71;1,466.31;49.07;109.70;693.78;11.94;128.16;154.26;37.38;0.11;91.18;36.98;54.19;3,083.64
Oct20;88.85;30.68;58.16;117.00;0.21;2.53;112.48;1.78;3,001.86;1,566.67;35.91;139.73;872.51;11.31;124.46;190.72;60.40;0.16;53.78;12.68;41.11;3,261.49
Nov20;23.22;9.29;13.92;115.11;0.00;19.25;94.41;1.44;2,770.83;1,421.31;39.46;145.60;808.84;11.58;133.93;161.40;48.41;0.31;68.14;37.27;30.87;2,977.30
Dic20;122.68;99.39;23.29;86.17;0.02;4.86;76.63;4.66;3,147.75;1,576.02;45.77;184.22;883.35;9.25;143.21;235.78;69.70;0.45;205.42;44.08;161.34;3,562.02
Ene21;198.93;172.85;26.08;38.90;0.02;5.89;31.47;1.52;2,755.85;1,322.60;62.73;260.96;748.87;9.54;140.93;164.30;45.84;0.09;242.12;62.87;179.25;3,235.79
Feb21;328.87;228.15;100.72;17.15;0.25;1.47;13.37;2.06;2,821.92;1,505.87;52.83;187.31;691.99;6.44;132.08;200.22;45.09;0.08;104.33;43.56;60.76;3,272.27
Mar21;242.75;185.71;57.03;13.41;0.40;1.54;9.01;2.46;3,085.87;1,577.11;51.48;202.39;773.19;11.00;162.13;224.11;84.34;0.12;137.51;71.30;66.21;3,479.53
Abr21;213.77;174.57;39.20;13.03;0.05;1.93;8.30;2.75;3,047.89;1,566.77;57.79;170.05;829.24;7.31;168.42;195.38;52.75;0.19;134.87;80.44;54.43;3,409.56
May21;133.61;100.18;33.43;15.98;0.40;1.74;11.21;2.63;3,467.53;1,810.77;32.44;241.61;829.39;12.14;252.62;224.68;63.69;0.18;91.25;91.25;129.72;3,708.37
Jun21;205.69;181.95;23.74;32.64;0.11;1.59;28.85;2.09;3,537.47;1,879.24;50.44;238.30;922.75;10.98;125.72;220.08;89.83;0.12;149.75;75.00;74.75;3,925.54
Jul21;278.97;195.33;83.63;60.09;0.02;2.19;55.46;2.41;3,352.77;1,731.16;60.05;124.54;907.48;11.51;216.21;199.79;101.86;0.16;89.45;89.45;21.36;3,781.27
Ago21;314.48;246.57;67.91;79.71;0.00;4.41;68.83;6.47;3,426.60;1,775.29;102.78;231.59;872.29;9.46;114.88;199.11;120.49;0.71;69.70;69.70;22.64;3,890.49
